next evening she went,22
new england's sons will,14
now eldest son wanted,8
not even sure it will,27
nearly every step of the way,34
not even say what,16
necessary to explain something which,12
not even sure what,26
now the elvis stamp was,4
not entirely sure whether,17
soon he met every obligation,31
sometimes he met every obligation,27
scarcely had met every obligation,19
that all of a sudden had many more exits,2
his successor made the exact opposite,10
either man's spirit or his,10
on eating shit merely because you have,19
my hands on that explains this stuff,5
who has studied the effects of msg,22
my hair stood on end,35
early go by dark forest,24
especially gorgeously bedizened delicious fruits,19
enormous giant becoming daily food,27
having opened my eyes saw,14
hold onto me except for short,10
where does espn get these brilliant decisions from,29
evidently got back do for,14
even guzra bai did fly,7
everyone go by dark forest,29
eben's got back do for,7
for anne's consequent excitement,13
from a chinese empire,16
fly away cried epimetheus,10
finding a certain evening,10
fierce and cruel enemies,33
facts are clearly enough,31
foot off the accelerator crank the engine,16
fish and chicken etc,12
furthermore all the cult experts,14
for a concrete example,25
gray brother do for all,12
god be dreadfully frightened and,13
i guess the board doubles the frequency apparent,16
go back door face alight,5
gilbert blythe deserter fell asleep,2
gorgon's brazen doors flew away,13
go back don't forget america,29
goose boy didn't fly away,28
good boys don't fool around,36
grass blows down fields agust,26
anne clasped each girl,28
august could easily grow,27
after coming east gable,12
and you couldn't expect a good,13
a collaborator only after evidence of his guilt,15
any claim that their engine is as good,16
astronomers could easily get,22
a constitution which enumerates gov't,19
because you are not civilized enough to give,14
we are currently evaluating gui,14
rachel in constant employment,19
remember i could endure,28
response to it care for the environment,9
rags if they can't even,13
the rise of islam can easily,12
regulation in a capitalist economy,34
as a result i cannot easily,12
it is real it can be experienced,19
are relevant in my case except,7
retaining its computational efficiency,27
please excuse mistakes day at school,17
pray excuse me down and slept,4
please e-mail me directly at shayla,17
please excuse my dear aunt sally,36
poor eddie mostly does abysmally scholastically,27
pull extra mules during arabian sand,13
porcelain empires may doom all serfs,14
precious eggs mostly don't ask slowly,9
potty-mouthed elders may drink and spit,31
pick more eastern men don't ask someone,12
listen comrade demanded mrs,14
little chap did mrs,7
let children demanded mrs,15
lot of companies do not make,19
library containing downloads for most,24
list to cut down mail,23
like the computer to display the modem,17
lose no chance to demonstrate motivation,29
lot i can do as moderator,17
lower the cost and definitely make,15
christmas present at night,35
cake preserves apples nuts,15
chapter page all night,7
criminals in prison are not,14
choice or preference and not,7
couldn't possibly afford it now,27
continue to pressure and negotiate,26
center position at northern,14
childish propaganda and nothing,20
called the police at number,15
rushing current of air,34
rather cut off again,15
robert crossed over again,14
rachel city of ascalon,0
rachel's critical old age,22
race is capable of such actions,19
root cause of all,31
registers and the court of appeals,12
reducing crime or any,8
russian center of airspace,25
and savage cicon tribes,4
at sea cow's tunnel,5
algorithm is secure and contains no trapdoors,22
anonymous sex a couple times,34
a service for the country too,17
anyone stop to consider this,22
also some cinderella thing,21
arab state claims to,6
a satellite to collect temperature,18
available from software center technology,31
eat and drink grateful beyond expression,25
even am deeply grateful beyond expression,19
everything am deeply grateful beyond expression,18
early am deeply grateful beyond expression,16
everybody am deeply grateful beyond expression,9
every am deeply grateful beyond expression,14
each am deeply grateful beyond expression,15
eating and drinking grateful beyond expression,28
eph am deeply grateful beyond expression,0
every autumn day gets briefly elongated,36
good unto my precious stones,13
gives us most precious stones,16
unless porsche was gonna sue me,27
son of god unto a perfect man,28
get off more shots per unit,26
god will punish it unless satisfaction is made,23
mary was uncommonly pretty but as she grew,13
machine using scripts provided with grass,16
usenet where you see a good mix of people,8
provided u give me a site,10
for once in love,26
far off into lengths,11
full of immense laughter,32
first of its leader,12
fit of immense laughter,25
find out what is likely,16
for others is likened,5
figure out i'm liberal,18
firearm ownership is most likely,15
files or icon libraries,20
rangers so that every captain the edmonton oilers,12
resolve every case every one,34
red eyes chasing each other,34
rachel's expression chasing each other,16
right ear cropped ears of,13
robert e classical each other,8
rachel emerald city each other,15
rather early--the camp's each other,20
raphael excavations chasing each other,13
rembrandt ever cross each other,15
facts are stupid things,32
find a simple translator,24
for a short-term tax,15
fight a speeding ticket,22
for a second there,25
focus of america's science and technology,9
for any such thing,24
for a second or two,22
friction and semi-auto transmissions,1
for at&t's secure telephone,6
