next evening she went,1.8967427701443005
new england's sons will,3.197632260127158
now eldest son wanted,2.1289773081689307
not even sure it will,2.3255717627432273
nearly every step of the way,2.642394467279641
not even say what,2.9190255324631194
necessary to explain something which,2.178431116693276
not even sure what,2.2922560655002053
now the elvis stamp was,1.3323467750529825
not entirely sure whether,2.422771653542096
soon he met every obligation,1.1461280327501036
sometimes he met every obligation,1.1867114323493457
scarcely had met every obligation,1.7166087388016462
that all of a sudden had many more exits,1.790837957972741
his successor made the exact opposite,1.6245163139956063
either man's spirit or his,2.268904800577327
on eating shit merely because you have,1.7337581030130225
my hands on that explains this stuff,1.7709022204955907
who has studied the effects of msg,2.9251005141279296
my hair stood on end,2.3659317691122603
early go by dark forest,2.3982241950953687
especially gorgeously bedizened delicious fruits,2.292256065500206
enormous giant becoming daily food,2.4349525832837564
having opened my eyes saw,2.671346977566975
hold onto me except for short,2.224128045353994
where does espn get these brilliant decisions from,2.4973358585766046
evidently got back do for,1.9060787220559794
even guzra bai did fly,3.171619712013585
everyone go by dark forest,2.0
eben's got back do for,2.2999871365732387
for anne's consequent excitement,2.576636034529881
from a chinese empire,2.613121192532773
fly away cried epimetheus,2.619905594757908
finding a certain evening,2.0611940010729635
fierce and cruel enemies,1.8332885058173831
facts are clearly enough,1.0714144828603163
foot off the accelerator crank the engine,2.16480727376466
fish and chicken etc,2.576636034529881
furthermore all the cult experts,2.014738592878276
for a concrete example,2.5674337335813284
gray brother do for all,2.1620722034700304
god be dreadfully frightened and,1.7337581030130225
i guess the board doubles the frequency apparent,1.6641005886756874
go back door face alight,1.862110528755416
gilbert blythe deserter fell asleep,1.6462257353102072
gorgon's brazen doors flew away,1.7742403991801228
go back don't forget america,1.1665962221617785
goose boy didn't fly away,0.8426500884694887
good boys don't fool around,0.8426500884694887
grass blows down fields agust,1.4955555457864298
anne clasped each girl,2.3025583918608867
august could easily grow,2.0697883149344176
after coming east gable,2.3908108104492394
and you couldn't expect a good,2.1973625933978003
a collaborator only after evidence of his guilt,2.3684314335908696
any claim that their engine is as good,1.8203322409537277
astronomers could easily get,2.1345287577710175
a constitution which enumerates gov't,2.1345287577710166
because you are not civilized enough to give,2.8053203890477643
we are currently evaluating gui,3.1753488370077374
rachel in constant employment,2.6356679536941257
remember i could endure,1.323434656468095
response to it care for the environment,2.0525637021732823
rags if they can't even,2.619905594757908
the rise of islam can easily,2.1066252211737155
regulation in a capitalist economy,2.613121192532773
as a result i cannot easily,2.0754980866510833
it is real it can be experienced,2.527950265408459
are relevant in my case except,2.005908432370046
retaining its computational efficiency,2.9572896594986284
please excuse mistakes day at school,2.675773404757859
pray excuse me down and slept,2.3025583918608867
please e-mail me directly at shayla,2.965282348830213
please excuse my dear aunt sally,1.0824036368823318
poor eddie mostly does abysmally scholastically,2.1702670737947516
pull extra mules during arabian sand,2.2134607030674087
porcelain empires may doom all serfs,2.2870874995874626
precious eggs mostly don't ask slowly,2.4349525832837555
potty-mouthed elders may drink and spit,2.8596354300678626
pick more eastern men don't ask someone,2.3908108104492394
listen comrade demanded mrs,2.9048011674614163
little chap did mrs,3.1340844288405174
let children demanded mrs,2.762813076318149
lot of companies do not make,2.8053203890477647
library containing downloads for most,2.945259956781023
list to cut down mail,2.2715112400359083
like the computer to display the modem,1.833288505817382
lose no chance to demonstrate motivation,3.197632260127158
lot i can do as moderator,2.553568103491974
lower the cost and definitely make,2.2819072267986655
christmas present at night,1.0658774200423842
cake preserves apples nuts,2.7585263195447856
chapter page all night,2.9210519301611577
criminals in prison are not,2.1538461538461537
choice or preference and not,1.065877420042386
couldn't possibly afford it now,2.3407883161081444
continue to pressure and negotiate,2.403153746432817
center position at northern,2.422771653542096
childish propaganda and nothing,2.699989042274499
called the police at number,1.9429739908177057
rushing current of air,2.6199055947579084
rather cut off again,2.234744468666762
robert crossed over again,2.642394467279641
rachel city of ascalon,1.3888823142513684
rachel's critical old age,2.912937881347921
race is capable of such actions,1.8998598515736107
root cause of all,1.4432048491764402
registers and the court of appeals,2.4543163282375104
reducing crime or any,1.8461538461538463
russian center of airspace,2.0981817995362864
and savage cicon tribes,2.4854606802159247
at sea cow's tunnel,2.8823067684915684
algorithm is secure and contains no trapdoors,3.098004702400349
anonymous sex a couple times,3.002957122452791
a service for the country too,1.6390212117432708
anyone stop to consider this,1.7337581030130227
also some cinderella thing,2.461538461538461
arab state claims to,2.9572896594986284
a satellite to collect temperature,2.202741702042516
available from software center technology,2.894598111111812
eat and drink grateful beyond expression,2.0611940010729644
even am deeply grateful beyond expression,2.2400338120863132
everything am deeply grateful beyond expression,2.0697883149344167
early am deeply grateful beyond expression,0.7994080650317902
everybody am deeply grateful beyond expression,1.3234346564680965
every am deeply grateful beyond expression,1.8040060614705502
each am deeply grateful beyond expression,2.567433733581329
eating and drinking grateful beyond expression,1.726918793895664
eph am deeply grateful beyond expression,0.42132504423474315
every autumn day gets briefly elongated,2.380890390852641
good unto my precious stones,3.1957812427447676
gives us most precious stones,3.067292621134906
unless porsche was gonna sue me,2.3051267790417995
son of god unto a perfect man,2.537295769610868
get off more shots per unit,1.1665962221617785
god will punish it unless satisfaction is made,2.516219574430173
mary was uncommonly pretty but as she grew,2.4056147340172136
machine using scripts provided with grass,3.2852548467788654
usenet where you see a good mix of people,1.6245163139956058
provided u give me a site,2.8053203890477643
for once in love,2.6934063692325525
far off into lengths,2.1483446221182985
full of immense laughter,2.1483446221182985
first of its leader,2.2400338120863132
fit of immense laughter,2.368431433590869
find out what is likely,2.333192444323554
for others is likened,1.2064913185660093
figure out i'm liberal,3.0498811694767705
firearm ownership is most likely,2.333192444323554
files or icon libraries,2.8179475513868004
rangers so that every captain the edmonton oilers,3.078845553259923
resolve every case every one,0.5756395979652188
red eyes chasing each other,0.6343239424027202
rachel's expression chasing each other,2.5067954979692804
right ear cropped ears of,1.63902121174327
robert e classical each other,1.44320484917644
rachel emerald city each other,1.6569737868106162
rather early--the camp's each other,1.5951108733329014
raphael excavations chasing each other,2.403153746432817
rembrandt ever cross each other,2.1538461538461537
facts are stupid things,1.4058205294228523
find a simple translator,1.6711969986461874
for a short-term tax,1.4390989949130546
fight a speeding ticket,1.291758124903591
for a second there,1.2162606385263013
focus of america's science and technology,1.4349813927828945
for any such thing,1.7337581030130227
for a second or two,2.511511956509924
friction and semi-auto transmissions,0.6249260311258431
for at&t's secure telephone,1.2113858267710478
